"Record ID","Company name","Right Company Name","Client Company Location ID","Client Parent Company ID","Street Address"
"10305514033","Samling New Zealand Inc (Parent)","Samling New Zealand Inc (Parent)","1349","",""
"10305620827","Mapletree Project Management Pte Ltd (Parent)","Mapletree Project Management Pte Ltd (Parent)","14005","",""
"10305591374","Bay of Plenty District Health Board (Parent)","Bay of Plenty District Health Board (Parent)","3955","",""
"10305620826","Canterbury District Health Board (Parent)","Canterbury District Health Board (Parent)","1352","",""
"10305562995","Deloitte (Parent)","Deloitte (Parent)","279","",""
"10305576536","AUT University (Parent)","AUT University (Parent)","1274","",""
"10305603902","Fonterra Australia (Parent)","Fonterra Australia (Parent)","8322","",""
"10305562992","Counties Manukau District Health Board (Parent)","Counties Manukau District Health Board (Parent)","1002","",""
"10305673119","Bega Cheese (Parent)","Bega Cheese (Parent)","8138","",""
"10305649768","Higgins Contractors Ltd (Parent)","Higgins Contractors Ltd (Parent)","2886","",""
"10305542288","Auckland District Health Board (Parent)","Auckland District Health Board (Parent)","89","",""
"10305676310","Airservices Australia (Parent)","Airservices Australia (Parent)","8115","",""
"10305673118","Christchurch City Council (Parent)","Christchurch City Council (Parent)","205","",""
"10305521668","Gisborne District Council (Parent)","Gisborne District Council (Parent)","417","",""
"10305549316","Contact Energy Ltd (Parent)","Contact Energy Ltd (Parent)","245","",""
"10305614446","Beach Energy (Parent)","Beach Energy (Parent)","3900","",""
"10303977360","Fulton Hogan Ltd (Parent)","Fulton Hogan Ltd (Parent)","397","",""
"10305656162","Metro Trains Melbourne (Parent)","Metro Trains Melbourne (Parent)","10864","",""
"10305620824","Fletcher Construction (Parent)","Fletcher Construction (Parent)","370","",""
"10305591371","Auckland Transport (Parent)","Auckland Transport (Parent)","9696","",""
"10305534564","Brookfield Multiplex (Parent)","Brookfield Multiplex (Parent)","4664","",""
"10305603901","Auckland Council (Parent)","Auckland Council (Parent)","9695","",""
"10305597571","Asian Development Bank (Parent)","Asian Development Bank (Parent)","75","",""
"10305686410","Fonterra Brands (New Zealand) Ltd (Parent)","Fonterra Brands (New Zealand) Ltd (Parent)","4578","",""
"10303977358","Lendlease (Parent)","Lendlease (Parent)","128","",""
"10305500978","Department of Corrections (Parent)","Department of Corrections (Parent)","3114","",""
"10305549313","Datacom Systems Ltd (Parent)","Datacom Systems Ltd (Parent)","4157","",""
"10288747393","Samling New Zealand Inc - 1540","Samling New Zealand Inc - 1540","1540","1349","1st floor Cnr Gladstone Road, Gisborne, 4010, New Zealand"
"10288015108","Samling New Zealand Inc - 8133","Samling New Zealand Inc - 8133","8133","1349","Kuala Baram Industrial Estate, Lot 533 Block 1 CDT No 47, 98009 Miri, Sarawak, Malaysia"
"10287971104","SkyCity Entertainment Group Ltd (Parent)","SkyCity Entertainment Group Ltd (Parent)","992","",""
"10287937036","Metro Trains Melbourne - 21619","Metro Trains Melbourne - 21619","21619","10864","24, 1 Spring St, Melbourne, VIC 3000, Australia"
"10287932502","SkyCity Auckland Ltd (Parent)","SkyCity Auckland Ltd (Parent)","4695","",""
"10287924265","Metro Trains Melbourne - 25742","Metro Trains Melbourne - 25742","25742","10864","North Melbourne Maintenance Centre, E Gate Dynon Road, North Melbourne, Melbourne, VIC 3051, Australia"
"10287924256","SkyCity Auckland Ltd - 5957","SkyCity Auckland Ltd - 5957","5957","4695","101 Hobson St Auckland, 1010, New Zealand"
"10287773317","SkyCity Entertainment Group Ltd - 1081","SkyCity Entertainment Group Ltd - 1081","1081","992","Federal House, 86 Federal Street, Auckland Central, Auckland, 1010, New Zealand"
"10287773312","SkyCity Entertainment Group Ltd - 20302","SkyCity Entertainment Group Ltd - 20302","20302","992","101 Hobson Street, Auckland, 1010, New Zealand"
"10287754790","SkyCity Auckland Ltd - 13638","SkyCity Auckland Ltd - 13638","13638","4695","Federal House, 86 Federal Street, Auckland Central, Auckland, 1010, New Zealand"
"10287699615","SkyCity Entertainment Group Ltd - 28219","SkyCity Entertainment Group Ltd - 28219","28219","992","SKYCITY HQ, Level 13, 99 Albert Street, Auckland, 1010, New Zealand"
"10287699613","SkyCity Entertainment Group Ltd - 17076","SkyCity Entertainment Group Ltd - 17076","17076","992","Adelaide Casino, North Terrace, Adelaide, SA 5001, Australia"
"10287699612","SkyCity Auckland Ltd - 27737","SkyCity Auckland Ltd - 27737","27737","4695","SKYCITY HQ, Level 13, 99 Albert Street, Auckland, 1010, New Zealand"
"10287658392","Metro Trains Melbourne - 22197","Metro Trains Melbourne - 22197","22197","10864","700 Collins Street, Docklands, Melbourne, Victoria 3008, Australia"
"10288747395","Metro Trains Melbourne - 15321","Metro Trains Melbourne - 15321","15321","10864","Nauru House, 80 Collins St, Melbourne, Victoria Australia"
"10288015115","Lendlease - 5669","Lendlease - 5669","5669","128","Level 4, The Bond, 30 Hickson Road, Millers Point, NSW 2000, Australia"
"10287979925","Lendlease - 21342","Lendlease - 21342","21342","128","Level 20, Tower B, The Zenith, 821 Pacific Highway, Chatswood, NSW 2067, Australia"
"10287971106","Lendlease - 27747","Lendlease - 27747","27747","128","#04-01 OUE Downtown Gallery, 6A Shenton Way 068815, Singapore"
"10287971105","Mapletree Investments Pte Ltd (China) - 18360","Mapletree Investments Pte Ltd (China) - 18360","18360","13194","Unit ABCD, Level 14 China Resources Times Square,, No.500 Zhangyang Road, Pudong New District, Shanghai, Shanghai 200122, China"
"10287964831","Mapletree Project Management Pte Ltd - 19196","Mapletree Project Management Pte Ltd - 19196","19196","14005","Springleaf Tower, No. 3 Anson Road #18-01 079909, Singapore"
"10287955203","Lendlease - 26671","Lendlease - 26671","26671","128","Kings Gate, 2 King Street, Bowen Hills, Queensland 4006, Australia"
"10287955128","Lendlease - 24014","Lendlease - 24014","24014","128","Meridian Mall, 285 George Street, Dunedin, 5791, New Zealand"
"10287937032","Mapletree Project Management Pte Ltd - 19195","Mapletree Project Management Pte Ltd - 19195","19195","14005","PSA Building, 460 Alexandra Road #26-003/06 119963, Singapore"
"10287924257","Lendlease - 27585","Lendlease - 27585","27585","128","Level 6 One Melbourne Quarter, 699 Collins Street, Docklands, Melbourne, VIC 3008, Australia"
"10287924255","Metro Trains Melbourne - 15073","Metro Trains Melbourne - 15073","15073","10864","E-Gate, Footscray Rd Melway Map @E Grid C1, West Melbourne, Melbourne, VIC 3004, Australia"
"10287910668","Lendlease - 23428","Lendlease - 23428","23428","128","level 1,building 0, binary centre, 3 Richardson place, north Ryde, Sydney, NSW 2113, Australia"
"10287896128","Lendlease - 6856","Lendlease - 6856","6856","128","Level 32  140 William St, MELBOURNE, VIC 3000, Australia"
"10287896124","Lendlease - 23807","Lendlease - 23807","23807","128","Level 14, Tower Three, International Towers Sydney, 300 Barangaroo Avenue, Barangaroo, NSW 2000, Australia"
"10287787563","Lendlease - 20835","Lendlease - 20835","20835","128","Abigroup House, Stanley Street Plaza, South Bank, QLD 4101, Australia"
"10287754785","Lendlease - 2099","Lendlease - 2099","2099","128","Tower Building, Level 13, 264-278 George Street, Australia Square, Sydney, NSW 2000, Australia"
"10287726412","Mapletree Property Management Pte Ltd - 21896","Mapletree Property Management Pte Ltd - 21896","21896","16122","PSA Building, 460 Alexandra Road #04-01, 119963, Singapore"
"10287726406","Lendlease - 20656","Lendlease - 20656","20656","128","39 Mollison Road, Parafield Airport, Adelaide, SA 5106, Australia"
"10287726402","Lendlease - 2097","Lendlease - 2097","2097","128","Tower Building, Level 9, 264-278 George Street, Australia Square, Sydney, NSW 2000, Australia"
"10287658393","Lendlease - 5685","Lendlease - 5685","5685","128","Commonwealth Bank Building, Level 18  240 Queen St, BRISBANE CITY, QLD 4000, Australia"
"10287658391","Lendlease - 2117","Lendlease - 2117","2117","128","C/o Sydney Water, 51 Hermitage Road, West Ryde, Sydney, NSW 2114, Australia"
"10288747397","Lendlease - 20053","Lendlease - 20053","20053","128","Level 6, 476 St Kilda Road, Melbourne, VIC 3004, Australia"
"10288015114","Lendlease - 17543","Lendlease - 17543","17543","128","Mulwala Site Office, Corner of Bayly Street & Lucan Street Muwlala, NSW 2647, Australia"
"10287997279","Higgins Contractors Ltd - 28986","Higgins Contractors Ltd - 28986","28986","2886","86 Beach Road, Richmond, Tasman 7020, New Zealand"
"10287988485","Higgins Contractors Ltd - 7490","Higgins Contractors Ltd - 7490","7490","2886","level 1 Collier House, 52 Highbrook Drive, East Tamaki, Auckland, New Zealand"
"10287979923","Lendlease - 1639","Lendlease - 1639","1639","128","510 Thomson Road #07-02 SLF Building, Singapore, 298135, Singapore"
"10287971110","Higgins Contractors Ltd - 23425","Higgins Contractors Ltd - 23425","23425","2886","38 Whakatu Road Hastings, 4140, New Zealand"
"10287964825","Lendlease - 19823","Lendlease - 19823","19823","128","Level 3, 44 Musk Avenue, Kelvin Grove, Brisbane, QLD 4059, Australia"
"10287937030","Higgins Contractors Ltd - 6004","Higgins Contractors Ltd - 6004","6004","2886","40 Glover Street, Ngauranga, Wellington, 6035, New Zealand"
"10287932501","Lendlease - 17737","Lendlease - 17737","17737","128","Level 2, The Gauge, 825 Bourke Street, Victoria Harbour, Melbourne, VIC 3008, Australia"
"10287932500","Higgins Contractors Ltd - 7492","Higgins Contractors Ltd - 7492","7492","2886","420 Church Street, Palmerston North, 4442, New Zealand"
"10287932497","Higgins Contractors Ltd - 23039","Higgins Contractors Ltd - 23039","23039","2886","63 Pilkington Way, Christchurch, New Zealand"
"10287932495","Higgins Contractors Ltd - 28063","Higgins Contractors Ltd - 28063","28063","2886","Branch Office, Tararua Road, Levin, New Zealand"
"10287910656","Higgins Contractors Ltd - 4317","Higgins Contractors Ltd - 4317","4317","2886","22 Roxburgh Crescent, Hokowhitu, Palmerston North, 4410, New Zealand"
"10287903891","Lend Lease Retail Pte Ltd - 21705","Lend Lease Retail Pte Ltd - 21705","21705","15972","52 Jurong Gateway Road #06-02, 608550, Singapore"
"10287806351","Higgins Contractors Ltd - 3596","Higgins Contractors Ltd - 3596","3596","2886","92 Hewletts Road, Mount Maunganui, Tauranga, Bay of Plenty 3116, New Zealand"
"10287787564","Lendlease - 15912","Lendlease - 15912","15912","128","Level 23, 28 Freshwater Place, Southbank, Melbourne, Victoria 3001, Australia"
"10287773316","Higgins Contractors Ltd - 26694","Higgins Contractors Ltd - 26694","26694","2886","P O Box 1836 Taupo, 3351, New Zealand"
"10287773313","Higgins Contractors Ltd - 21484","Higgins Contractors Ltd - 21484","21484","2886","334 Te Ngae Rd, Rotorua, Bay of Plenty 3010, New Zealand"
"10287745094","J Resources Asia Pacific - 20201","J Resources Asia Pacific - 20201","20201","14885","Level 48, Equity Tower, Kav. 53-53 Jl. Jend Sudirman, Sudirman Central Business District, Jakarta, Indonesia"
"10287720234","Lendlease - 15919","Lendlease - 15919","15919","128","Level 2, 349 Coronation Drive, Milton, Milton, QLD 4064, Australia"
"10287658382","Lendlease - 14453","Lendlease - 14453","14453","128","825 Bourke St, DOCKLANDS, VIC 3008, Australia"
"10288747396","Gisborne District Council - 26383","Gisborne District Council - 26383","26383","417","15 Fitzherbert Street, Gisborne, 4010, New Zealand"
"10287946875","Fulton Hogan Ltd - 9303","Fulton Hogan Ltd - 9303","9303","397","Dunstan Road, Alexandra, New Zealand"
"10287937034","Higgins Contractors Ltd - 20853","Higgins Contractors Ltd - 20853","20853","2886","Waitangi Road, Awatata, Napier, 4140, New Zealand"
"10287896131","Healthscope - 26824","Healthscope - 26824","26824","19761","Level 1,, 312 St. Kilda Road, Melbourne, Vic 3004, Australia"
"10287720233","Higgins Contractors Ltd - 17709","Higgins Contractors Ltd - 17709","17709","2886","50 Gallagher Drive, Hamilton, 3206, New Zealand"
"10287699620","Gisborne District Council - 455","Gisborne District Council - 455","455","417","39 Gladstone Road, Whataupoko, Gisborne, 4010, New Zealand"
"10288015109","Fulton Hogan Ltd - 6992","Fulton Hogan Ltd - 6992","6992","397","267 Tramway Road, Invercargill, New Zealand"
"10287997285","Fulton Hogan Ltd - 8192","Fulton Hogan Ltd - 8192","8192","397","Main South Road, Hornby, Christchurch, New Zealand"
"10287988406","Fulton Hogan Ltd - 9183","Fulton Hogan Ltd - 9183","9183","397","103 Corbett Rd, Bell Block, New Plymouth, 4371, New Zealand"
"10287971107","Fulton Hogan Ltd - 4708","Fulton Hogan Ltd - 4708","4708","397","11 Main Road, Fairfield, Dunedin, 9018, New Zealand"
"10287964832","Fulton Hogan Ltd - 434","Fulton Hogan Ltd - 434","434","397","Cnr Halswell Junction and Main South Road, Halswell, Christchurch, 8441, New Zealand"
"10287964823","Fulton Hogan Ltd - 3468","Fulton Hogan Ltd - 3468","3468","397","Marine Parade, Petone, Lower Hutt, 5012, New Zealand"
"10287946883","Fulton Hogan Ltd - 26553","Fulton Hogan Ltd - 26553","26553","397","113 Dunstan Road, Bridge Hill, Alexandra, Central Otago 9391, New Zealand"
"10287946874","Fulton Hogan Ltd - 2576","Fulton Hogan Ltd - 2576","2576","397","Civil South - 1115 Main North Road, Kainga, Christchurch, 8083, New Zealand"
"10287937028","Fulton Hogan Ltd - 2469","Fulton Hogan Ltd - 2469","2469","397","54 Aerodrome Road, Mount Maunganui, 3001, New Zealand"
"10287932492","Fulton Hogan Ltd - 2467","Fulton Hogan Ltd - 2467","2467","397","121 Bolt Road, Tahunanui, Nelson, 7001, New Zealand"
"10287932490","Fulton Hogan Ltd - 27835","Fulton Hogan Ltd - 27835","27835","397","103 Corbett Road, R D 3, Bell Block, Taranaki, 4373, New Zealand"
"10287910666","Fulton Hogan Ltd - 6879","Fulton Hogan Ltd - 6879","6879","397","81 Abel Smith Street, Te Aro, Wellington, 6011, New Zealand"
"10287806356","Fulton Hogan Ltd - 26225","Fulton Hogan Ltd - 26225","26225","397","208 Main South Rd, Greymouth, New Zealand"
"10287773325","Fulton Hogan Ltd - 2468","Fulton Hogan Ltd - 2468","2468","397","21 Higgins Road, Hamilton, 2001, New Zealand"
"10288023413","Fulton Hogan Ltd - 21250","Fulton Hogan Ltd - 21250","21250","397","47 Airdrie Road, Ranui, Auckland, 0612, New Zealand"
"10288015110","Fulton Hogan Ltd - 13532","Fulton Hogan Ltd - 13532","13532","397","64 Beauviour Avenue, Whangarei, 0930, New Zealand"
"10288015105","Fulton Hogan Ltd - 13129","Fulton Hogan Ltd - 13129","13129","397","Poplar Lane, RD 7, Te Puke, 3187, New Zealand"
"10287971114","Fulton Hogan Ltd - 16802","Fulton Hogan Ltd - 16802","16802","397","40 Flexman Place, Silverdale, Auckland, 0932, New Zealand"
"10287932498","Fulton Hogan Ltd - 21252","Fulton Hogan Ltd - 21252","21252","397","15 Sir William Pickering Drive, Christchurch, 8545, New Zealand"
"10287932487","Fulton Hogan Ltd - 13128","Fulton Hogan Ltd - 13128","13128","397","325 Pound Road, RD6, Christchurch, 7676, New Zealand"
"10287924264","Fulton Hogan Ltd - 2464","Fulton Hogan Ltd - 2464","2464","397","3 Mcartney Street, Redwoodtown, Blenheim, 7201, New Zealand"
"10287910670","Fulton Hogan Ltd - 2466","Fulton Hogan Ltd - 2466","2466","397","43 Corunna Bay, Hospital Hill, Napier, 4001, New Zealand"
"10287806359","Fulton Hogan Ltd - 2462","Fulton Hogan Ltd - 2462","2462","397","36 Clarence Street, Addington, Christchurch, 8002, New Zealand"
"10287806358","Fulton Hogan Ltd - 2465","Fulton Hogan Ltd - 2465","2465","397","15 Sir William Pickering Drive, Russley, Christchurch, 8053, New Zealand"
"10287806352","Fulton Hogan Ltd - 12560","Fulton Hogan Ltd - 12560","12560","397","19 Higgins Road, Frankton, Hamilton, New Zealand"
"10287787566","Fonterra Brands (New Zealand) Ltd - 7055","Fonterra Brands (New Zealand) Ltd - 7055","7055","4578","Wisma Staco, Level 5, Jl. Casablanca Kav. 18, Jakarta, 12870, Indonesia"
"10287735888","Fulton Hogan Ltd - 24446","Fulton Hogan Ltd - 24446","24446","397","121 Bolt Road, Tahunanui, Nelson, 7011, New Zealand"
"10287735886","Fulton Hogan Ltd - 2461","Fulton Hogan Ltd - 2461","2461","397","4 Reliable Way, Ellerslie, Auckland, 1060, New Zealand"
"10287735879","Fulton Hogan Ltd - 2463","Fulton Hogan Ltd - 2463","2463","397","200 Fryatt Street, City, Dunedin, 9001, New Zealand"
"10287699614","Fulton Hogan Ltd - 20118","Fulton Hogan Ltd - 20118","20118","397","80 Owles Terrace, Christchurch, 8641, New Zealand"
"10287699608","Fonterra Brands (New Zealand) Ltd - 7054","Fonterra Brands (New Zealand) Ltd - 7054","7054","4578","1 Pickering Street #06-01 Great Eastern Centre, Singapore, 048659, Singapore"
"10288747398","Fonterra Australia - 11219","Fonterra Australia - 11219","11219","8322","Stanhope Site, Midland Highway, Stanhope, VIC 3623, Australia"
"10288006484","Fonterra Australia - 11224","Fonterra Australia - 11224","11224","8322","Echuca Site, Denmark Road, Echuca, VIC 3564, Australia"
"10287997289","Fonterra Brands (New Zealand) Ltd - 5941","Fonterra Brands (New Zealand) Ltd - 5941","5941","4578","14 Collingwood Street Eltham, Taranaki, New Zealand"
"10287988486","Fonterra Brands (New Zealand) Ltd - 6228","Fonterra Brands (New Zealand) Ltd - 6228","6228","4578","Lvl 12, Mobil on the Park, Wellington Office 157 Lambton Quay, Wellington, New Zealand"
"10287955209","Fonterra Brands (New Zealand) Ltd - 17153","Fonterra Brands (New Zealand) Ltd - 17153","17153","4578","Pahiatua Mangahoa Road, Pahiatua, New Zealand"
"10287946884","Fonterra Brands (New Zealand) Ltd - 17152","Fonterra Brands (New Zealand) Ltd - 17152","17152","4578","80 London Street, Hamilton, 3240, New Zealand"
"10287937027","Fonterra Brands (New Zealand) Ltd - 5795","Fonterra Brands (New Zealand) Ltd - 5795","5795","4578","Fonterra House, 109 Fanshawe Street, Auckland, New Zealand"
"10287937026","Fonterra Brands (New Zealand) Ltd - 6215","Fonterra Brands (New Zealand) Ltd - 6215","6215","4578","Bridge Street, Eltham, 4322, New Zealand"
"10287932503","Fonterra Australia - 23615","Fonterra Australia - 23615","23615","8322","Brisbane Sales Office, Unit 1/12 Navigator Place, HENDRA, QLD 4011, Australia"
"10287910671","Fonterra Australia - 13470","Fonterra Australia - 13470","13470","8322","Spreyton Site, 155 Mersey Main Rd, SPREYTON, TAS 7310, Australia"
"10287773323","Fonterra Australia - 14337","Fonterra Australia - 14337","14337","8322","Wagga Wagga Site, 20 Hammond Avenue, Wagga Wagga, NSW 2650, Australia"
"10287773321","Fonterra Australia - 11221","Fonterra Australia - 11221","11221","8322","Darnum Site, 150 Darnum Park Rd, DARNUM, VIC 3822, Australia"
"10287773310","Fonterra Australia - 23616","Fonterra Australia - 23616","23616","8322","Adelaide Office, 183 Melbourne Street, ADELAIDE, SA 5006, Australia"
"10287726414","Fonterra Brands (Myanmar) - 23552","Fonterra Brands (Myanmar) - 23552","23552","17365","Level 17, Unit 17a, Centre Point Towers, No. 65 Corner of Sule Pagoda Road & Merchant St Kyautada Township, Yangon, Myanmar"
"10287726413","Fonterra Brands (New Zealand) Ltd - 6217","Fonterra Brands (New Zealand) Ltd - 6217","6217","4578","25 Hannigan Drive, Saint Johns, Auckland, 1072, New Zealand"
"10287726411","Fonterra Brands (New Zealand) Ltd - 21708","Fonterra Brands (New Zealand) Ltd - 21708","21708","4578","Ascot Office Park, Level 2, 95a Ascott Ave, Remuera, Auckland, 1546, New Zealand"
"10287726403","Fonterra Australia - 14335","Fonterra Australia - 14335","14335","8322","Bayswater Site, 48 Jersey Road, Bayswater, VIC 3153, Australia"
"10287658386","Fonterra Brands (New Zealand) Ltd - 5869","Fonterra Brands (New Zealand) Ltd - 5869","5869","4578","Una Street, Takanini, 2112, New Zealand"
"10287658383","Fonterra Brands (New Zealand) Ltd - 6216","Fonterra Brands (New Zealand) Ltd - 6216","6216","4578","70 Macandrew Road, Dunedin, New Zealand"
"10288015113","Fletcher Construction - 8999","Fletcher Construction - 8999","8999","370","Pohokura Production Station - Main North road, RD 43, Waitara, New Zealand"
"10288006486","Fletcher Construction - 7139","Fletcher Construction - 7139","7139","370","Brian Perry Civil (AKLD) - 18 Gabador Place, Mt Wellington, Auckland, New Zealand"
"10287988481","Fletcher Construction - 9001","Fletcher Construction - 9001","9001","370","Tauranga Harbour Link Project Office - 80 Dive Crescent, Tauranga, New Zealand"
"10287979921","Fletcher Construction - 7877","Fletcher Construction - 7877","7877","370","Brian Perry Civil (WGTN) - 35 Takapu Road, Tawa, Wellington, New Zealand"
"10287964828","Fletcher Construction - 8996","Fletcher Construction - 8996","8996","370","MHX Site Office - Waterfront Road Reserve, Mangere Bridge, New Zealand"
"10287964824","Fletcher Construction - 9000","Fletcher Construction - 9000","9000","370","Tauranga Hospital Redevelopment Project Office Corner Clarket Street & 20th Avenue, Tauranga, New Zealand"
"10287955206","Fletcher Construction - 6888","Fletcher Construction - 6888","6888","370","Engineering (AKLD) - 1st Floor, 816 Great South Road, Penrose, Auckland, 1061, New Zealand"
"10287937025","Fletcher Construction - 8393","Fletcher Construction - 8393","8393","370","SEOVIC (AKLD) - 1st Floor, 816 Great South Road, Penrose, Auckland, New Zealand"
"10287910665","Fletcher Construction - 8994","Fletcher Construction - 8994","8994","370","PipeWorks (AKLD) - 18 Gabador Place, Mt Wellington, Auckland, New Zealand"
"10287903885","Fletcher Construction - 8998","Fletcher Construction - 8998","8998","370","South Pacific (AKLD) - Level 4, 810 Great South Road, Penrose, Auckland, New Zealand"
"10287896127","Fonterra Australia - 11214","Fonterra Australia - 11214","11214","8322","Australia Head Office, Level 2, 40 River Boulevard, Richmond, VIC 3121, Australia"
"10287896125","Fletcher Construction - 8995","Fletcher Construction - 8995","8995","370","Piletech (AKLD) - Unit 5, 26 Roscommon Road, Puhinui, Manukau City, New Zealand"
"10287773327","Fletcher Construction - 8297","Fletcher Construction - 8297","8297","370","Brian Perry Civil (CHC) - office transfered to WLG 35 Takapu Road, Grenada North, Wellington, 5028, New Zealand"
"10287773319","Fonterra Australia - 11218","Fonterra Australia - 11218","11218","8322","Dennington Site, 50 Drummond Street, Dennington, VIC 3280, Australia"
"10287745103","Fonterra Australia - 11217","Fonterra Australia - 11217","11217","8322","Wynyard Site, 86-92 Inglis St, WYNYARD, TAS 7325, Australia"
"10287745098","Fonterra Australia - 11216","Fonterra Australia - 11216","11216","8322","Cobden Site, 129 Curdie Street, Cobden, VIC 3266, Australia"
"10287658390","Fletcher Construction - 6980","Fletcher Construction - 6980","6980","370","Brian Perry Civil (HAMT) - 25 Vickery Street, Te Rapa, Hamilton, New Zealand"
"10288747392","Fletcher Construction - 2174","Fletcher Construction - 2174","2174","370","Interiors (WGTN) - 236 Middleton Road, Johnsonville, Wellington, New Zealand"
"10288023410","Fletcher Construction - 29007","Fletcher Construction - 29007","29007","370","Level 1 Fletcher House Toru, 810 Great South Road, Penrose, Auckland, New Zealand"
"10288015112","Department of Corrections - 8325","Department of Corrections - 8325","8325","3114","Freyberg Rd, Trentham, New Zealand"
"10288015111","Fletcher Construction - 20223","Fletcher Construction - 20223","20223","370","M2PP Alliance - 43 Ihakara Street, Paraparaumu, 5032, New Zealand"
"10287997287","Fletcher Construction - 1786","Fletcher Construction - 1786","1786","370","Building (CHCH) - 58 Hazeldean Road, Addington, Christchurch, New Zealand"
"10287937039","Department of Corrections - 9277","Department of Corrections - 9277","9277","3114","Department of Corrections - Prison Services, Cnr Robe and Downe Sts, New Plymouth 4310, New Zealand"
"10287924262","Fletcher Construction - 407","Fletcher Construction - 407","407","370","Building (AKLD) - Ground Floor, 816 Great South Road, Penrose, Auckland, 1061, New Zealand"
"10287910667","Fletcher Construction - 22847","Fletcher Construction - 22847","22847","370","99 Gavin Street, Penrose, Auckland, New Zealand"
"10287910657","Fletcher Construction - 1783","Fletcher Construction - 1783","1783","370","Building (WGTN) - 236 Middleton Road, Johnsonville, Wellington, 6037, New Zealand"
"10287903886","Fletcher Construction - 25130","Fletcher Construction - 25130","25130","370","Fletcher House, Level 2, 810 Great South Road, Penrose, Auckland, 1061, New Zealand"
"10287806355","Fletcher Construction - 1426","Fletcher Construction - 1426","1426","370","Building (HAMT) - 25 Vickery Street, Te Rapa, Hamilton, New Zealand"
"10287773324","Fletcher Construction - 1785","Fletcher Construction - 1785","1785","370","Building (NPLY) - 42 Young Street, New Plymouth, 4310, New Zealand"
"10287754789","Department of Corrections - 9082","Department of Corrections - 9082","9082","3114","Department of Corrections, 63 Normanby Road, Mt Eden, Auckland, 1024, New Zealand"
"10287745099","Fletcher Construction - 22780","Fletcher Construction - 22780","22780","370","Building (TNGA), KKC Project, Unit 14 23 Roxanne Place, Poike, TAURANGA, 3112, New Zealand"
"10287735885","Fletcher Construction - 20920","Fletcher Construction - 20920","20920","370","EQR Technical Hub | Level 2, 7 Deans Avenue Addington, Riccarton, Christchurch, Canterbury 8011, New Zealand"
"10287726409","Fletcher Construction - 25000","Fletcher Construction - 25000","25000","370","Senator Inouye Industrial Park Tafuna, 96799, American Samoa"
"10287726399","Fletcher Construction - 25075","Fletcher Construction - 25075","25075","370","NZICC Site Office, 55 Nelson Street, CBD, Auckland, New Zealand"
"10287708282","Fletcher Construction - 1787","Fletcher Construction - 1787","1787","370","Interiors (AKLD) - 1st Floor, 816 Great South Road, Penrose, Auckland, 1061, New Zealand"
"10288023412","Department of Corrections - 5811","Department of Corrections - 5811","5811","3114","Auckland Prison, Paremoremo Road, Paremoremo, North Shore City, 632, New Zealand"
"10288023411","Deloitte - 26425","Deloitte - 26425","26425","279","123 Eagle Street, Brisbane City, QLD 4000, Australia"
"10288023409","Deloitte - 311","Deloitte - 311","311","279","Deloitte House, Levels 11-16, 10 Brandon Street, Wellington Central, Wellington, 6011, New Zealand"
"10288006488","Datacom Systems Ltd - 8422","Datacom Systems Ltd - 8422","8422","4157","84 Abel Smith Street, Wellington, 6011, New Zealand"
"10287997288","Deloitte - 314","Deloitte - 314","314","279","Otago House  Level 8, 481 Moray Place, Dunedin Central, Dunedin, 9016, New Zealand"
"10287979927","Department of Corrections - 14346","Department of Corrections - 14346","14346","3114","Level 4, 195 Khyber Pass Road, Grafton, Auckland, 1023, New Zealand"
"10287924263","Department of Corrections - 3898","Department of Corrections - 3898","3898","3114","Level 12, Mayfair House, 44 -52 The Terrace, Wellington Central, Wellington, 6011, New Zealand"
"10287903889","Deloitte - 6180","Deloitte - 6180","6180","279","61 Molesworth Street, Taita, Lower Hutt, 5011, New Zealand"
"10287903888","Deloitte - 14328","Deloitte - 14328","14328","279","Deloitte Centre, Level 18, 80 Queen Street, Auckland, New Zealand"
"10287903887","Datacom Systems Ltd - 7517","Datacom Systems Ltd - 7517","7517","4157","210 Federal Street, Auckland Central, Auckland, 1010, New Zealand"
"10287896122","Deloitte - 9035","Deloitte - 9035","9035","279","Deloitte House, 8 Nelson Street, Auckland, 1010, New Zealand"
"10287745097","Deloitte - 313","Deloitte - 313","313","279","50 Hazeldean Road, Christchurch, 8024, New Zealand"
"10287699619","Department of Corrections - 6939","Department of Corrections - 6939","6939","3114","Rapid Nº 2 Narrowdale Road, Milburn, Otago New Zealand"
"10287699610","Department of Corrections - 7023","Department of Corrections - 7023","7023","3114","Project Management Office, PO Box 14491 Panmure, Auckland, 1741, New Zealand"
"10287658381","Department of Corrections - 7662","Department of Corrections - 7662","7662","3114","SI Regional Headquarters, West Coast Road, Christchurch, New Zealand"
"10287997284","Contact Energy Ltd - 9505","Contact Energy Ltd - 9505","9505","245","Cnr High Street & Melling Road, Lower Hutt, New Zealand"
"10287997280","Datacom Systems Ltd - 14159","Datacom Systems Ltd - 14159","14159","4157","67 Gloucester Street, Christchurch, New Zealand"
"10287988489","Datacom Systems Ltd - 5998","Datacom Systems Ltd - 5998","5998","4157","106 Vincent Street, Auckland Central, Auckland, 1010, New Zealand"
"10287979930","CSR Gyprock - 11307","CSR Gyprock - 11307","11307","8378","267-277 Whitehall St, YARRAVILLE, VIC 3013, Australia"
"10287979928","Datacom Systems Ltd - 5954","Datacom Systems Ltd - 5954","5954","4157","Level 2, 160 Grafton Road, Grafton, Auckland, 1010, New Zealand"
"10287979922","Counties Manukau District Health Board - 26865","Counties Manukau District Health Board - 26865","26865","1002","19 Lambie Drive, Papatoetoe, Auckland, New Zealand"
"10287937038","Datacom Systems Ltd - 29113","Datacom Systems Ltd - 29113","29113","4157","58 Gaunt Street, Auckland, 1010, New Zealand"
"10287932485","Datacom Systems Ltd - 20726","Datacom Systems Ltd - 20726","20726","4157","14 Simsey Place, Te Rapa, Hamilton, New Zealand"
"10287896126","Counties Manukau District Health Board - 3694","Counties Manukau District Health Board - 3694","3694","1002","FMP2 Projects Office, Middlemore Hospital, 100 Hospital Road, Gate 2 - Building 25, Otahuhu, Auckland, New Zealand"
"10287735882","CSR Ltd - 20497","CSR Ltd - 20497","20497","15118","Ryde Office, 39 Delhi Road North Ryde, NSW, NSW, Australia"
"10287726405","Datacom Systems Ltd - 14252","Datacom Systems Ltd - 14252","14252","4157","6 Orbit Drive, Rosedale, North Shore City, New Zealand"
"10287726395","Counties Manukau District Health Board - 1091","Counties Manukau District Health Board - 1091","1091","1002","Building 27, Gate 2 Middlemore Hospital, 100 Hospital Road, Otahuhu, Manukau, 1640, New Zealand"
"10287658376","Datacom Systems Ltd - 5230","Datacom Systems Ltd - 5230","5230","4157","68-86 Jervois Quay, Wellington Central, Wellington, 6011, New Zealand"
"10288747400","Contact Energy Ltd - 28949","Contact Energy Ltd - 28949","28949","245","Te Aro Road, Wairakei, Taupo, 3384, New Zealand"
"10288023407","Contact Energy Ltd - 28950","Contact Energy Ltd - 28950","28950","245","106 Customs Street West Viaduct Harbour, Auckland, 1010, New Zealand"
"10288023406","Contact Energy Ltd - 270","Contact Energy Ltd - 270","270","245","Otahuhu Power Station, Hellabys Road, Otahuhu, Auckland, 1701, New Zealand"
"10288006482","Coca-Cola Bottling Investments Group - 23592","Coca-Cola Bottling Investments Group - 23592","23592","17388","457 Jalan Ahmad Ibrahim, Singapore, 639933, Singapore"
"10288006478","Coca-Cola Southeast & West Asia Division - 250","Coca-Cola Southeast & West Asia Division - 250","250","226","Thai Nam Thip Building, 3rd Floor, 214 Vishavadi Rangsit Road, Tung Song Kong, Laksi, Bangkok, 10210, Thailand"
"10287997282","Contact Energy Ltd - 274","Contact Energy Ltd - 274","274","245","Wairakei Power Station, 1 State Highway, Taupo, New Zealand"
"10287979929","Contact Energy Ltd - 272","Contact Energy Ltd - 272","272","245","L1, Harbour City Tower, 29 Brandon Street, Wellington Central, Wellington, 6011, New Zealand"
"10287964829","Contact Energy Ltd - 273","Contact Energy Ltd - 273","273","245","195 Breakwater Road, Moturoa, New Plymouth, 4310, New Zealand"
"10287937035","Coca-Cola Oceania Ltd - 3580","Coca-Cola Oceania Ltd - 3580","3580","2873","The Oasis, Mt Wellington Highway, Otahuhu, Auckland, 1062, New Zealand"
"10287910669","Contact Energy Ltd - 9060","Contact Energy Ltd - 9060","9060","245","106 Customs Street West Viaduct Harbour, Auckland, New Zealand"
"10287910664","Contact Energy Ltd - 1456","Contact Energy Ltd - 1456","1456","245","State Highway 1, RD 8, Hamilton, 3288, New Zealand"
"10287910661","Contact Energy Ltd - 12492","Contact Energy Ltd - 12492","12492","245","Clyde Power Station, Fruitgrowers Rd, Clyde, 9341, New Zealand"
"10287910660","Christchurch International Airport Ltd - 228","Christchurch International Airport Ltd - 228","228","206","30 Durey Road, Christchurch, New Zealand"
"10287903892","Contact Energy Ltd - 271","Contact Energy Ltd - 271","271","245","Earnscleugh Road, Alexandra, New Zealand"
"10287903890","Christchurch City Council - 22782","Christchurch City Council - 22782","22782","205","Pioneer Recreation & Sports Centre, 75 Lyttelton Street, Christchurch, New Zealand"
"10287806354","Christchurch City Council - 227","Christchurch City Council - 227","227","205","53 Hereford Street, Christchurch, 8013, New Zealand"
"10287787565","Coca-Cola FEMSA - 2239","Coca-Cola FEMSA - 2239","2239","1819","Avenida Amancio Alcorta 3570, Buenos Aires, 1437, Argentina"
"10287787558","Confucius Institute, The University of Auckland - 16830","Confucius Institute, The University of Auckland - 16830","16830","12044","Level 6 Owen G Glenn Building, 12 Grafton Road, Auckland, 1142, New Zealand"
"10287787556","Coca-Cola Singapore Beverages Pte Ltd - 12714","Coca-Cola Singapore Beverages Pte Ltd - 12714","12714","9453","Coca Cola Factory, 457 Jalan Ahmad Ibrahim Singapore, 639933, Singapore"
"10287773320","Coca-Cola Amatil (NZ) Ltd - 249","Coca-Cola Amatil (NZ) Ltd - 249","249","225","The Oasis Mount Wellington, Auckland, New Zealand"
"10287735883","Coca-Cola Group - 22898","Coca-Cola Group - 22898","22898","16883","Global Head Office, 2500 Windy Ridge Pkway SE, Atlanta, GA 30339, United States"
"10287699618","Contact Energy Ltd - 3897","Contact Energy Ltd - 3897","3897","245","189 East Road, R.D. 22, Stratford, Taranaki 4392, New Zealand"
"10288006490","Canterbury District Health Board - 14880","Canterbury District Health Board - 14880","14880","1352","Cnr Mairehau and Burwood Roads, Burwood, Christchurch, New Zealand"
"10288006481","Christchurch City Council - 15837","Christchurch City Council - 15837","15837","205","PO Box 73014 Christchurch, 8154, New Zealand"
"10287997277","Canterbury District Health Board - 4766","Canterbury District Health Board - 4766","4766","1352","97 Cashmere Road, Christchurch, New Zealand"
"10287988490","Christchurch City Council - 22511","Christchurch City Council - 22511","22511","205","Jellie Park Recreation & Sport Centre 295 Ilam Road, Christchurch, 8154, New Zealand"
"10287988480","Christchurch City Council - 15899","Christchurch City Council - 15899","15899","205","PO Box 73010 Christchurch, 8154, New Zealand"
"10287971113","Canterbury District Health Board - 20685","Canterbury District Health Board - 20685","20685","1352","310 Manchester Street, Christchurch, New Zealand"
"10287971112","Christchurch City Council - 15889","Christchurch City Council - 15889","15889","205","PO Box 73016 Christchurch, 8154, New Zealand"
"10287964827","Canterbury District Health Board - 2230","Canterbury District Health Board - 2230","2230","1352","230B Antigua Street, Christchurch, 8140, New Zealand"
"10287932504","Christchurch City Council - 15888","Christchurch City Council - 15888","15888","205","PO Box 73013 Christchurch, 8154, New Zealand"
"10287932491","Christchurch City Council - 15887","Christchurch City Council - 15887","15887","205","PO Box 73012 Christchurch, 8154, New Zealand"
"10287910673","Christchurch City Council - 15836","Christchurch City Council - 15836","15836","205","PO Box 73015 Christchurch, 8154, New Zealand"
"10287910672","Canterbury District Health Board - 25277","Canterbury District Health Board - 25277","25277","1352","The Princess Margaret Hospital & Hillmorton Hospital Christchurch, New Zealand"
"10287910663","Christchurch City Council - 15642","Christchurch City Council - 15642","15642","205","PO Box 73011 Christchurch, 8154, New Zealand"
"10287896132","Canterbury District Health Board - 23902","Canterbury District Health Board - 23902","23902","1352","Maintenance & Engineering, Lower Ground Floor Parkside Building, Riccarton, Christchurch, New Zealand"
"10287806360","Changi Airport Group - 19340","Changi Airport Group - 19340","19340","14146","Changi Terminal 2, 046-032, 4th Storey, 60 Airport Boulevard Changi Airport Terminal 2, Singapore, 819643, Singapore"
"10287806357","Canterbury District Health Board - 1545","Canterbury District Health Board - 1545","1545","1352","Riccarton Avenue, Christchurch Central, Christchurch, 8011, New Zealand"
"10287787562","Christchurch City Council - 15900","Christchurch City Council - 15900","15900","205","PO Box 73045 Christchurch, 8154, New Zealand"
"10287787561","Canterbury District Health Board - 16880","Canterbury District Health Board - 16880","16880","1352","Business Development Unit, Level 1, 6 Hazeldean Road, Addington, Christchurch, 8140, New Zealand"
"10287745111","Canterbury District Health Board - 2596","Canterbury District Health Board - 2596","2596","1352","Avon House  Level 4, 10 Oxford Terrace, Christchurch Central, Christchurch, 8011, New Zealand"
"10287726404","Christchurch City Council - 15892","Christchurch City Council - 15892","15892","205","PO Box 73049 Christchurch, 8154, New Zealand"
"10287720228","Chedworth Properties Ltd - 21040","Chedworth Properties Ltd - 21040","21040","15495","1110 Victoria Street, Hamilton, 3200, New Zealand"
"10287708277","Christchurch City Council - 15890","Christchurch City Council - 15890","15890","205","PO Box 73041 Christchurch, 8154, New Zealand"
"10287997278","Bega Cheese - 10952","Bega Cheese - 10952","10952","8138","Bega Coburg Site, 10-16 Allenby Street, North Coburg, 3058, Australia"
"10287988483","Beach Energy - 8668","Beach Energy - 8668","8668","3900","Level 13  1 King William St, ADELAIDE, SA 5000, Australia"
"10287979926","Bega Cheese - 26779","Bega Cheese - 26779","26779","8138","Koroit Site, 41 Commercial Road, Koroit, Vic 3282, Australia"
"10287964833","Beach Energy - 28096","Beach Energy - 28096","28096","3900","Beach Energy, 192 Lower Inaha Road, Manaia, Taranaki, 4671, New Zealand"
"10287955202","Beach Energy - 7839","Beach Energy - 7839","7839","3900","32 Molesworth Street, New Plymouth, 4310, New Zealand"
"10287955201","Bega Cheese - 23605","Bega Cheese - 23605","23605","8138","Bega Derrimut Site, 14 Benn Court, DERRIMUT, VIC 3030, Australia"
"10287946877","Brookfield Multiplex - 5909","Brookfield Multiplex - 5909","5909","4664","66 Wyndham Street, Auckland Central, Auckland, 1010, New Zealand"
"10287946876","Beach Energy - 4909","Beach Energy - 4909","4909","3900","Level 13  1 King William St, ADELAIDE, SA 5000, Australia"
"10287910662","Beach Energy - 7318","Beach Energy - 7318","7318","3900","600 Murray St, WEST PERTH, WA 6005, Australia"
"10287903884","Beach Energy - 8598","Beach Energy - 8598","8598","3900","., Cnr Siggs & Ihaha Roads ., Hawera, New Plymouth, New Plymouth New Zealand"
"10287896134","Beach Energy - 8627","Beach Energy - 8627","8627","3900","339 Coronation Dr, MILTON, QLD 4064, Australia"
"10287773318","Bega Cheese - 17350","Bega Cheese - 17350","17350","8138","Bega Strathmerton, Murray Valley Highway, Strathmerton, VIC 3641, Australia"
"10287735889","Beach Energy - 4892","Beach Energy - 4892","4892","3900","Level 21  360 Elizabeth St, MELBOURNE, Victoria 3000, Australia"
"10287735884","Bega Cheese - 23606","Bega Cheese - 23606","23606","8138","Bega Tatura Milk Site, 236 Hogan Street, Tatura, VIC 3616, Australia"
"10287735881","Bega Cheese - 26733","Bega Cheese - 26733","26733","8138","Head Office, 1 Vegemite Way, Port Melbourne, 3207, Australia"
"10287735878","Brookfield Multiplex - 14764","Brookfield Multiplex - 14764","14764","4664","Suite 300, Brookfield Place, 181 Bay Street, Toronto, Ontario M5J 2T3, Canada"
"10287726396","Beach Energy - 21051","Beach Energy - 21051","21051","3900","Jack's Corner Road, Kangaroo Valley, NSW 2577, Australia"
"10287720236","Bega Cheese - 10951","Bega Cheese - 10951","10951","8138","Bega Site, 23-45 Ridge Street, North Bega, NSW 2550, Australia"
"10287708284","Brookfield Multiplex - 12554","Brookfield Multiplex - 12554","12554","4664","32 Lincoln Square North, Carlton, VIC 3058, Australia"
"10287658388","Brookfield Multiplex - 12555","Brookfield Multiplex - 12555","12555","4664","Level 22  135 King St, SYDNEY, NSW 2000, Australia"
"10288747394","Bay of Plenty District Health Board - 4962","Bay of Plenty District Health Board - 4962","4962","3955","Tauranga Hospital, Cameron Road, Tauranga, 3143, New Zealand"
"10288747389","Auckland Transport - 20731","Auckland Transport - 20731","20731","9696","(TSD) Harbourmasters, 20 Viaduct Harbour Avenue, Auckland, 1010, New Zealand"
"10288023414","AUT University - 20837","AUT University - 20837","20837","1274","WT1518, AUT Tower, Cnr Wakefield & Rutland Streets, Auckland, 1010, New Zealand"
"10288006489","Beach Energy - 15575","Beach Energy - 15575","15575","3900","Level 7, 20 Bond Street, Sydney, NSW 2000,"
"10288006483","AUT University - 13944","AUT University - 13944","13944","1274","Auckland City Campus, 3rd Floor, WS Building 34 Paul St, Auckland, 1010, New Zealand"
"10287997276","Beach Energy - 16900","Beach Energy - 16900","16900","3900","Level 15, 1 Eagle Street Brisbane, Brisbane, QLD Australia"
"10287971116","AUT University - 1444","AUT University - 1444","1444","1274","55 Wellesley Street, City, Auckland, 1001, New Zealand"
"10287946886","AUT University - 5254","AUT University - 5254","5254","1274","Level 4 James Fletcher House, 581-585 Great South Road, Penrose, Auckland, New Zealand"
"10287937037","Beach Energy - 13536","Beach Energy - 13536","13536","3900","Head Office, Australia Square, Level 45 264-278 George St, SYDNEY, NSW 2000, Australia"
"10287932488","AUT University - 9500","AUT University - 9500","9500","1274","Level 15, Oracle Building 56 Wakefield St, Auckland Central, Auckland, 1010, New Zealand"
"10287903893","Beach Energy - 14018","Beach Energy - 14018","14018","3900","Lvl 3, 765 Glenferrie Rd HAWTHORN, VIC Australia"
"10287896130","AUT University - 7936","AUT University - 7936","7936","1274","AUT City Campus, Private Bag 92006, Auckland, 1142, New Zealand"
"10287806353","Bakels Edible Oils Ltd - 14385","Bakels Edible Oils Ltd - 14385","14385","10403","5 Hutton Place, Mount Maunganui, 3116, New Zealand"
"10287754786","Auckland Transport - 20518","Auckland Transport - 20518","20518","9696","OTHER - Group Not Identified Auckland, New Zealand"
"10287745112","Bay of Plenty District Health Board - 20762","Bay of Plenty District Health Board - 20762","20762","3955","Garaway Street Whakatane, New Zealand"
"10287745100","Beach Energy - 15893","Beach Energy - 15893","15893","3900","Level 19  321 Exhibition St, MELBOURNE, 3000, Australia"
"10287735890","Bantu - 28441","Bantu - 28441","28441","21007","21 Heng Mui Keng Terrace #03-24, 119613, Singapore"
"10287726408","Auckland Transport - 16940","Auckland Transport - 16940","16940","9696","(TECH) Business Technology Division, 20 Viaduct Harbour Avenue, Auckland, 1010, New Zealand"
"10287726407","AUT University - 1543","AUT University - 1543","1543","1274","24 St Paul Street, Auckland Central, Auckland, 1010, New Zealand"
"10287720237","Beach Energy - 15542","Beach Energy - 15542","15542","3900","Level 2  144 Montague Rd, SOUTH BRISBANE, QLD 4101, Australia"
"10287720231","Beach Energy - 17043","Beach Energy - 17043","17043","3900","Waterfront Place - Level 5, 1 Eagle Street, Brisbane, QLD 4000, Australia"
"10287699617","Beach Energy - 12776","Beach Energy - 12776","12776","3900","CDOP4 Building, 135 Coronation Drive (entry Little Cribb Street), Milton, QLD 4064, Australia"
"10287726400","Auckland Transport - 16938","Auckland Transport - 16938","16938","9696","(COM) Communications Division, 20 Viaduct Harbour Avenue, Auckland, 1010, New Zealand"
"10288747399","Auckland Transport - 15590","Auckland Transport - 15590","15590","9696","(PT) AT Metro Group, 20 Viaduct Harbour Avenue, Auckland, 1010, New Zealand"
"10288747390","Auckland Transport - 15232","Auckland Transport - 15232","15232","9696","(TSD) - ATOC Central, 20 Viaduct Harbour Avenue, Auckland, 1010, New Zealand"
"10288023416","Auckland Transport - 15585","Auckland Transport - 15585","15585","9696","(TSD) Nework Operations and Safety, 20 Viaduct Harbour Avenue, Auckland, 1010, New Zealand"
"10287979924","Auckland Transport - 15589","Auckland Transport - 15589","15589","9696","(TSD) Network Operations and Safety, Central, 20 Viaduct Harbour Avenue, Auckland, 1010, New Zealand"
"10287773311","Auckland Transport - 15456","Auckland Transport - 15456","15456","9696","(OP) City Rail Link, 20 Viaduct Harbour Avenue, Auckland, 1010, New Zealand"
"10287745107","Auckland Transport - 13337","Auckland Transport - 13337","13337","9696","(Inf) Road Corridor - Maintenance Delivery (South), Auckland, New Zealand"
"10287745106","Auckland Transport - 15951","Auckland Transport - 15951","15951","9696","(TSD) - Network Operations & Safety (South) Manukau Civic Building, 31-33 Manukau Station Road, Auckland, New Zealand"
"10288023415","Auckland Transport - 13315","Auckland Transport - 13315","13315","9696","(Inf) Infrastructure Technical Services, 20 Viaduct Harbour Avenue, Auckland, 1010, New Zealand"
"10288015106","Auckland Transport - 13325","Auckland Transport - 13325","13325","9696","(TSD) Parking Services, 20 Viaduct Harbour Avenue, Auckland, 1010, New Zealand"
"10287997286","Auckland Transport - 13310","Auckland Transport - 13310","13310","9696","(AFC) Auckland Forecasting Centre, 20 Viaduct Harbour Avenue, Auckland, 1010, New Zealand"
"10287988488","Auckland Transport - 13335","Auckland Transport - 13335","13335","9696","(Inf) Road Corridor - Maintenance Delivery (Head Office / North), 20 Viaduct Harbour Avenue, Auckland, 1010, New Zealand"
"10287971101","Auckland Transport - 13319","Auckland Transport - 13319","13319","9696","20 Viaduct Harbour Avenue Auckland, New Zealand"
"10287937029","Auckland Transport - 13314","Auckland Transport - 13314","13314","9696","(Inf) Roading - Delivery (Regional Projects), 20 Viaduct Harbour Avenue, Auckland, 1010, New Zealand"
"10287924260","Auckland Transport - 13316","Auckland Transport - 13316","13316","9696","(Inf) Roading - Project Specialists, 20 Viaduct Harbour Avenue, Waitakere, Henderson, 0612, New Zealand"
"10287896133","Auckland Transport - 13317","Auckland Transport - 13317","13317","9696","(S&P) Strategy & Planning - Head Office, 20 Viaduct Harbour Avenue, Auckland, 1010, New Zealand"
"10287787559","Auckland Transport - 13327","Auckland Transport - 13327","13327","9696","(Inf) Road Corridor - Access, 20 Viaduct Harbour Avenue, Auckland, 1010, New Zealand"
"10287773322","Auckland Transport - 13328","Auckland Transport - 13328","13328","9696","(Inf) Road Corridor - Access, 20 Viaduct Harbour Avenue, Auckland, 1010, New Zealand"
"10287773314","Auckland Transport - 13320","Auckland Transport - 13320","13320","9696","(TSD) - Walking and Cycling, 20 Viaduct Harbour Avenue, Auckland, 1010, New Zealand"
"10287754788","Auckland Transport - 13336","Auckland Transport - 13336","13336","9696","(Inf) Road Corridor - Maintenance Delivery (Central), 20 Viaduct Harbour Avenue, Auckland, 1010, New Zealand"
"10287745109","Auckland Transport - 13334","Auckland Transport - 13334","13334","9696","(Inf) Road Corridor - Maintenance Delivery (West Office), 20 Viaduct Harbour Avenue, Auckland, 1010, New Zealand"
"10287745101","Auckland Transport - 13322","Auckland Transport - 13322","13322","9696","(Inf) Property & Planning, 20 Viaduct Harbour Avenue, Auckland, 1010, New Zealand"
"10287745096","Auckland Transport - 13330","Auckland Transport - 13330","13330","9696","(Inf) Road Corridor - Strategic Asset Managment Systems, 20 Viaduct Harbour Avenue, Auckland, 1010, New Zealand"
"10287726401","Auckland Transport - 13318","Auckland Transport - 13318","13318","9696","Spare Auckland, New Zealand"
"10287708283","Auckland Transport - 13323","Auckland Transport - 13323","13323","9696","(TSD) - Management Team, 20 Viaduct Harbour Avenue, Auckland, 1010, New Zealand"
"10287708275","Auckland Transport - 13309","Auckland Transport - 13309","13309","9696","(Inf) Roading - Delivery, Commercial and Technical, 20 Viaduct Harbour Avenue, Auckland, 1010, New Zealand"
"10287699611","Auckland Transport - 13313","Auckland Transport - 13313","13313","9696","(Inf) Investment and PT Development Group, 20 Viaduct Harbour Avenue, Auckland, 1010, New Zealand"
"10287658389","Auckland Transport - 13329","Auckland Transport - 13329","13329","9696","(TSD) Network Operations & Safety - Head Office/West - 20 Viaduct Harbour Avenue, Auckland, 1010, New Zealand"
"10287971108","Auckland Council - 22957","Auckland Council - 22957","22957","9695","People & Capability 135 Albert Street, Auckland, New Zealand"
"10287971100","Auckland Council - 28100","Auckland Council - 28100","28100","9695","Level 3N Bledisloe House, 24 Wellesley Street (West), Auckland, New Zealand"
"10287955208","Auckland Transport - 13152","Auckland Transport - 13152","13152","9696","(Inf) Roading - Capital Programming, 20 Viaduct Harbour Avenue, Auckland, 1010, New Zealand"
"10287955204","Auckland Transport - 13153","Auckland Transport - 13153","13153","9696","(Inf) Roading - Delivery (North and West), 20 Viaduct Harbour Avenue, Auckland, 1010, New Zealand"
"10287946880","Auckland Council - 22717","Auckland Council - 22717","22717","9695","Level 5, Manukau Civic, 33 Manukau Station Road, Manukau, 2104, New Zealand"
"10287946879","Auckland District Health Board - 13851","Auckland District Health Board - 13851","13851","89","2 Park Road, Grafton, Auckland, 1023, New Zealand"
"10287932499","Auckland Council - 22956","Auckland Council - 22956","22956","9695","Legal & Risk 135 Albert Street, Auckland, 1010, New Zealand"
"10287932494","Auckland Transport - 13106","Auckland Transport - 13106","13106","9696","Executive and GM Team - Head Office, 20 Viaduct Harbour Avenue, Auckland, 1010, New Zealand"
"10287924261","Auckland Transport - 13307","Auckland Transport - 13307","13307","9696","(Inf) Roading - Delivery (Central), 20 Viaduct Harbour Avenue, Auckland, 1010, New Zealand"
"10287903898","Auckland Transport - 13156","Auckland Transport - 13156","13156","9696","(Inf) Roading - (Management Team), 20 Viaduct Harbour Avenue, Auckland, 1010, New Zealand"
"10287806361","Auckland District Health Board - 9066","Auckland District Health Board - 9066","9066","89","Greenlane Hospital, Building 16, level 1, 214 Greenlane Rd West, Epson, Auckland, 1051, New Zealand"
"10287787567","Auckland Transport - 13151","Auckland Transport - 13151","13151","9696","(CFO) Finance Division & People & Culture Div, Head Office, 20 Viaduct Harbour Avenue, Auckland, 1010, New Zealand"
"10287745102","Auckland Transport - 13308","Auckland Transport - 13308","13308","9696","(Inf) Roading - Delivery (South and East), Auckland, New Zealand"
"10287745095","Auckland Council - 21251","Auckland Council - 21251","21251","9695","Level 3 Bledisloe House, 24 Wellesley Street, Auckland, New Zealand"
"10287726410","Auckland Council - 20950","Auckland Council - 20950","20950","9695","Level 10, 135 Albert Street, Auckland, New Zealand"
"10287720235","Auckland Meat Processors Ltd - 2848","Auckland Meat Processors Ltd - 2848","2848","2269","131 Portage Road, Otahuhu, Auckland, New Zealand"
"10287720229","Auckland Council - 24944","Auckland Council - 24944","24944","9695","Level 4 S, Bledisloe House, 24 Wellesley Street, Auckland, 1010, New Zealand"
"10287708281","Auckland District Health Board - 17421","Auckland District Health Board - 17421","17421","89","110 Paritai Drive, Orakei, Auckland, 1745, New Zealand"
"10287708279","Auckland Council - 27985","Auckland Council - 27985","27985","9695","Level 2, 210 Federal Street, Auckland, 1010, New Zealand"
"10288747391","Auckland Council - 13651","Auckland Council - 13651","13651","9695","(PL) Regional Strategy Community & Cultural Policy - Level 7 (N), Bledisloe Building, Wellesley Street, Auckland, New Zealand"
"10288023418","Auckland Council - 13095","Auckland Council - 13095","13095","9695","(OP) Regulatory Services 35 Graham Street, Auckland, 1010, New Zealand"
"10288015107","Auckland Council - 13660","Auckland Council - 13660","13660","9695","Bledisloe Building, (F) Property - 24 Wellesley Street, Auckland Central, Auckland, New Zealand"
"10287988407","Auckland Council - 13657","Auckland Council - 13657","13657","9695","(F) Finance - Level 10, 135, Albert Street, Auckland, 1010, New Zealand"
"10287955129","Auckland Council - 13101","Auckland Council - 13101","13101","9695","(OP) Community Services 135 Albert Street, Auckand, 1010, New Zealand"
"10287937033","Auckland Council - 13104","Auckland Council - 13104","13104","9695","(PL) Economic Development - (Address TBC), Auckland, 1010, New Zealand"
"10287932496","Auckland Council - 13105","Auckland Council - 13105","13105","9695","(PL) Regional and Local Planning - 1 The Strand, Takapuna, Auckland, New Zealand"
"10287903894","Auckland Council - 14525","Auckland Council - 14525","14525","9695","Kotuku House, Level 1, 4 Osterley Way, Manukau, New Zealand"
"10287787557","Auckland Council - 13097","Auckland Council - 13097","13097","9695","(OP) Infrastructure & Environmental Services - 8 Hereford Street, Auckland, 1010, New Zealand"
"10287787554","Asian Development Bank - 85","Asian Development Bank - 85","85","75","7th Floor Jl.Jend.Sudirman Kav.44-46, Jakarta, 10210, Indonesia"
"10287745105","Auckland Council - 13102","Auckland Council - 13102","13102","9695","(OP) Building Control - (Address TBC), Auckland, 1010, New Zealand"
"10287708287","Auckland Council - 13091","Auckland Council - 13091","13091","9695","Civic Building, Executive Team - 135 Albert Street, Auckland, 1010, New Zealand"
"10287708285","Auckland Council - 20929","Auckland Council - 20929","20929","9695","Level 1, Pacific Building, 50 Centreway Road, Orewa, New Zealand"
"10287708278","Auckland Council - 14009","Auckland Council - 14009","14009","9695","Unknown Division Auckland, New Zealand"
"10287708276","Auckland Council - 13103","Auckland Council - 13103","13103","9695","(PL) Environmental Strategy & Policy - (Address TBC), Auckland, 1010, New Zealand"
"10287708272","Auckland Council - 13658","Auckland Council - 13658","13658","9695","(F) Information Systems - 135 Albert Street, Auckland, New Zealand"
"10287658385","Auckland Council - 13092","Auckland Council - 13092","13092","9695","Bledisloe Building, Mayoral Office - Level 7, 24 Wellesley Street, Auckland, 1010, New Zealand"
"10287988487","Asian Development Bank - 23135","Asian Development Bank - 23135","23135","75","5th Floor, Ra Marama Building, 91 Gordon Street, Suva, Fiji"
"10287988482","Asian Development Bank - 17772","Asian Development Bank - 17772","17772","75","Level 20, 45 Clarence Street, Sydney, NSW 2000, Australia"
"10287964822","Asian Development Bank - 16273","Asian Development Bank - 16273","16273","75","23rd Floor, The Offices at Central World, 999/9 Rama 1 Road, Pathumwan, Bangkok, 10330, Thailand"
"10287946882","Asian Development Bank - 16244","Asian Development Bank - 16244","16244","75","ADB - World Bank Building, Avenido dos Direitos Humanos PO Box 62, Dili, East Timor"
"10287937031","Asian Development Bank - 16207","Asian Development Bank - 16207","16207","75","Inya Lake Hotel Rm 240, 37 Kaba Aye Padoda Road, Mayagone Township, Yangon, Myanmar"
"10287903896","Asian Development Bank - 2876","Asian Development Bank - 2876","2876","75","La Casa di Andrea et Luciano, Lini Highway, Port Vila, Vanuatu"
"10287903895","Airservices Australia - 29028","Airservices Australia - 29028","29028","8115","747 Tapleys Hill Rd, Adelaide Airport, SA 5950, Australia"
"10287896129","Asian Development Bank - 4418","Asian Development Bank - 4418","4418","75","Level 5 Ra Marama Building, 91 Gordon Street, Suva, Fiji"
"10287787560","Asian Development Bank - 7717","Asian Development Bank - 7717","7717","75","Level 18  1 Margaret St, SYDNEY, NSW 2000, Australia"
"10287773315","Asian Development Bank - 84","Asian Development Bank - 84","84","75","6 ADB Avenue, Manila, 0980, Philippines"
"10287754787","Airservices Australia - 22220","Airservices Australia - 22220","22220","8115","Gate V13 Sir Sydney Williams St, Cairns Airport, Aeroglen, QLD 4870, Australia"
"10287745108","Asian Development Bank - 3852","Asian Development Bank - 3852","3852","75","Sri Lanka Resident Mission, 49/14 Galle Road, Colombo, 3, Sri Lanka"
"10287708273","Asian Development Bank - 6135","Asian Development Bank - 6135","6135","75","Papua New Guinea Resident Mission, Level 13 Deloitte Tower PO Box 1992, National Capital District, Port Moresby, Papua New Guinea"
"10287658384","Asian Development Bank - 25994","Asian Development Bank - 25994","25994","75","Wainivula Road, Nasinu, Suva, Fiji"
"10288023417","Airservices Australia - 10918","Airservices Australia - 10918","10918","8115","Tower Road Melbourne Airport, VIC 3043, Australia"
"10287971115","Airservices Australia - 10914","Airservices Australia - 10914","10914","8115","25 Constitution Ave, CANBERRA, ACT 2601, Australia"
"10287971109","Airservices Australia - 22219","Airservices Australia - 22219","22219","8115","Technical Maintenance Centre, Kleinig Ave, Redcliffe, WA 6847, Australia"
"10287971102","Air New Zealand Ltd - 22273","Air New Zealand Ltd - 22273","22273","21","4 Geoffrey Roberts Road, Mangere, Auckland, 1142, New Zealand"
"10287964830","Air New Zealand Ltd - 2479","Air New Zealand Ltd - 2479","2479","21","First Floor, Auckland International Airport, Private Bag 92007 Auckland, New Zealand"
"10287955126","Air New Zealand Ltd - 25216","Air New Zealand Ltd - 25216","25216","21","7 Durey Road, CHC Airport Bldg 24, Christchurch, 7674, New Zealand"
"10287946887","Air New Zealand Ltd - 4528","Air New Zealand Ltd - 4528","4528","21","Airways Building, Fred Ladd Way, Auckland International Airport, Auckland, New Zealand"
"10287946881","Airservices Australia - 10915","Airservices Australia - 10915","10915","8115","Baeckea Street, Brisbane Airport, QLD 4007, Australia"
"10287903897","Air New Zealand Ltd - 9413","Air New Zealand Ltd - 9413","9413","21","Wellington International Airport, Stewart Duff Drive, Wellington, New Zealand"
"10287903882","Airservices Australia - 13669","Airservices Australia - 13669","13669","8115","Bulding 101, Da Vinci Business Park, 2a Boronia Road, Brisbane Airport, QLD 4008, Australia"
"10287720232","Airservices Australia - 17327","Airservices Australia - 17327","17327","8115","Control Tower Complex Brisbane Airport, Brisbane, QLD 4007, Australia"
"10287708280","Airservices Australia - 10917","Airservices Australia - 10917","10917","8115","Gate 18 General Holmes Dr, BRIGHTON-LE-SANDS, NSW 2216, Australia"
"10287699616","Air New Zealand Ltd - 3327","Air New Zealand Ltd - 3327","3327","21","Level 1, Panasonic House, 40 Taranaki Street, Mount Cook, Wellington, 6011, New Zealand"
"10287658387","Air New Zealand Ltd - 2586","Air New Zealand Ltd - 2586","2586","21","35 Perimeter Road Christchurch Airport, Christchurch, New Zealand"
"10288006485","Air New Zealand Ltd - 22","Air New Zealand Ltd - 22","22","21","1 Geoffrey Roberts Road, Auckland International Airport, Auckland, 1730, New Zealand"
"10287997283","Air New Zealand Ltd - 1656","Air New Zealand Ltd - 1656","1656","21","Level 17 Quay Tower, 29 Customs Street West, Auckland Central, Auckland, 1010, New Zealand"
"10287955207","Air New Zealand Ltd - 1655","Air New Zealand Ltd - 1655","1655","21","Domestic Terminal Auckland Airport, Auckland, New Zealand"
"10287955200","Air New Zealand Ltd - 1657","Air New Zealand Ltd - 1657","1657","21","Palmerston North Airport, PO Box 1643 Palmerston North Central, Palmerston North, 4440, New Zealand"
"10287932493","Aerospace - 28442","Aerospace - 28442","28442","21008","** Singapore"
"10287745110","Air New Zealand Ltd (Parent)","Air New Zealand Ltd (Parent)","21","",""
"10287745104","Air New Zealand Ltd - 1658","Air New Zealand Ltd - 1658","1658","21","14 Devon Street West, New Plymouth, 4310, New Zealand"
"10287735877","Air New Zealand Ltd - 1323","Air New Zealand Ltd - 1323","1323","21","Air New Zealand, 185 Fanshawe st, City, Auckland, 1001, New Zealand"
